<?xml version="1.0" encoding="UTF-8"?>
<GenRun Id="impl_1" LaunchPart="xc7a35tcpg236-1" LaunchTime="1760281077">
  <File Type="BITSTR-BMM" Name="orgate_bd.bmm"/>
  <File Type="ROUTE-PWR" Name="orgate_power_routed.rpt"/>
  <File Type="PA-TCL" Name="orgate.tcl"/>
  <File Type="OPT-DCP" Name="orgate_opt.dcp"/>
  <File Type="ROUTE-PWR-SUM" Name="orgate_power_summary_routed.pb"/>
  <File Type="REPORTS-TCL" Name="orgate_reports.tcl"/>
  <File Type="OPT-DRC" Name="orgate_drc_opted.rpt"/>
  <File Type="OPT-HWDEF" Name="orgate.hwdef"/>
  <File Type="PWROPT-DCP" Name="orgate_pwropt.dcp"/>
  <File Type="PLACE-DCP" Name="orgate_placed.dcp"/>
  <File Type="PLACE-IO" Name="orgate_io_placed.rpt"/>
  <File Type="PLACE-UTIL" Name="orgate_utilization_placed.rpt"/>
  <File Type="PLACE-UTIL-PB" Name="orgate_utilization_placed.pb"/>
  <File Type="PLACE-CTRL" Name="orgate_control_sets_placed.rpt"/>
  <File Type="PLACE-PRE-SIMILARITY" Name="orgate_incremental_reuse_pre_placed.rpt"/>
  <File Type="BG-BGN" Name="orgate.bgn"/>
  <File Type="POSTPLACE-PWROPT-DCP" Name="orgate_postplace_pwropt.dcp"/>
  <File Type="BG-BIN" Name="orgate.bin"/>
  <File Type="PHYSOPT-DCP" Name="orgate_physopt.dcp"/>
  <File Type="BITSTR-MSK" Name="orgate.msk"/>
  <File Type="ROUTE-ERROR-DCP" Name="orgate_routed_error.dcp"/>
  <File Type="ROUTE-DCP" Name="orgate_routed.dcp"/>
  <File Type="ROUTE-BLACKBOX-DCP" Name="orgate_routed_bb.dcp"/>
  <File Type="ROUTE-DRC" Name="orgate_drc_routed.rpt"/>
  <File Type="ROUTE-DRC-PB" Name="orgate_drc_routed.pb"/>
  <File Type="BITSTR-LTX" Name="orgate.ltx"/>
  <File Type="ROUTE-DRC-RPX" Name="orgate_drc_routed.rpx"/>
  <File Type="BITSTR-MMI" Name="orgate.mmi"/>
  <File Type="ROUTE-METHODOLOGY-DRC" Name="orgate_methodology_drc_routed.rpt"/>
  <File Type="ROUTE-METHODOLOGY-DRC-RPX" Name="orgate_methodology_drc_routed.rpx"/>
  <File Type="BITSTR-SYSDEF" Name="orgate.sysdef"/>
  <File Type="ROUTE-METHODOLOGY-DRC-PB" Name="orgate_methodology_drc_routed.pb"/>
  <File Type="ROUTE-PWR-RPX" Name="orgate_power_routed.rpx"/>
  <File Type="ROUTE-STATUS" Name="orgate_route_status.rpt"/>
  <File Type="ROUTE-STATUS-PB" Name="orgate_route_status.pb"/>
  <File Type="ROUTE-TIMINGSUMMARY" Name="orgate_timing_summary_routed.rpt"/>
  <File Type="ROUTE-TIMING-PB" Name="orgate_timing_summary_routed.pb"/>
  <File Type="ROUTE-TIMING-RPX" Name="orgate_timing_summary_routed.rpx"/>
  <File Type="RDI-RDI" Name="orgate.vdi"/>
  <File Type="ROUTE-CLK" Name="orgate_clock_utilization_routed.rpt"/>
  <File Type="ROUTE-BUS-SKEW" Name="orgate_bus_skew_routed.rpt"/>
  <File Type="ROUTE-BUS-SKEW-PB" Name="orgate_bus_skew_routed.pb"/>
  <File Type="ROUTE-BUS-SKEW-RPX" Name="orgate_bus_skew_routed.rpx"/>
  <File Type="POSTROUTE-PHYSOPT-DCP" Name="orgate_postroute_physopt.dcp"/>
  <File Type="POSTROUTE-PHYSOPT-BLACKBOX-DCP" Name="orgate_postroute_physopt_bb.dcp"/>
  <File Type="BG-BIT" Name="orgate.bit"/>
  <File Type="BITSTR-RBT" Name="orgate.rbt"/>
  <File Type="BITSTR-NKY" Name="orgate.nky"/>
  <File Type="BG-DRC" Name="orgate.drc"/>
  <File Type="WBT-USG" Name="usage_statistics_webtalk.html"/>
  <FileSet Name="sources" Type="DesignSrcs" RelSrcDir="$PSRCDIR/sources_1">
    <Filter Type="Srcs"/>
    <File Path="$PSRCDIR/sources_1/new/orgate.v">
      <FileInfo>
        <Attr Name="ImportPath" Val="$PPRDIR/../../../../../../../../Desktop/Vivado project/project_1_orgate/project_1_orgate.srcs/sources_1/new/orgate.v"/>
        <Attr Name="ImportTime" Val="1760279893"/>
        <Attr Name="UsedIn" Val="synthesis"/>
        <Attr Name="UsedIn" Val="implementation"/>
        <Attr Name="UsedIn" Val="simulation"/>
      </FileInfo>
    </File>
    <Config>
      <Option Name="DesignMode" Val="RTL"/>
      <Option Name="TopModule" Val="orgate"/>
      <Option Name="TopAutoSet" Val="TRUE"/>
    </Config>
  </FileSet>
  <FileSet Name="constrs_in" Type="Constrs" RelSrcDir="$PSRCDIR/constrs_1">
    <Filter Type="Constrs"/>
    <File Path="$PSRCDIR/constrs_1/new/orgate_xdc.xdc">
      <FileInfo>
        <Attr Name="ImportPath" Val="$PPRDIR/../../../../../../../../Desktop/Vivado project/project_1_orgate/project_1_orgate.srcs/constrs_1/new/orgate_xdc.xdc"/>
        <Attr Name="ImportTime" Val="1760281032"/>
        <Attr Name="UsedIn" Val="synthesis"/>
        <Attr Name="UsedIn" Val="implementation"/>
      </FileInfo>
    </File>
    <Config>
      <Option Name="TargetConstrsFile" Val="$PSRCDIR/constrs_1/new/orgate_xdc.xdc"/>
      <Option Name="ConstrsType" Val="XDC"/>
    </Config>
  </FileSet>
  <FileSet Name="utils" Type="Utils" RelSrcDir="$PSRCDIR/utils_1">
    <Filter Type="Utils"/>
    <Config>
      <Option Name="TopAutoSet" Val="TRUE"/>
    </Config>
  </FileSet>
  <Strategy Version="1" Minor="2">
    <StratHandle Name="Vivado Implementation Defaults" Flow="Vivado Implementation 2018"/>
    <Step Id="init_design"/>
    <Step Id="opt_design"/>
    <Step Id="power_opt_design"/>
    <Step Id="place_design"/>
    <Step Id="post_place_power_opt_design"/>
    <Step Id="phys_opt_design"/>
    <Step Id="route_design"/>
    <Step Id="post_route_phys_opt_design"/>
    <Step Id="write_bitstream"/>
  </Strategy>
</GenRun>
