<?xml version="1.0" encoding="UTF-8"?>
<GenRun Id="synth_1" LaunchPart="xc7a35tcpg236-1" LaunchTime="1760359400">
  <File Type="PA-TCL" Name="mux2x1_1_wrapper.tcl"/>
  <File Type="REPORTS-TCL" Name="mux2x1_1_wrapper_reports.tcl"/>
  <File Type="RDS-RDS" Name="mux2x1_1_wrapper.vds"/>
  <File Type="RDS-UTIL" Name="mux2x1_1_wrapper_utilization_synth.rpt"/>
  <File Type="RDS-UTIL-PB" Name="mux2x1_1_wrapper_utilization_synth.pb"/>
  <File Type="RDS-DCP" Name="mux2x1_1_wrapper.dcp"/>
  <FileSet Name="sources" Type="DesignSrcs" RelSrcDir="$PSRCDIR/sources_1">
    <Filter Type="Srcs"/>
    <File Path="$PSRCDIR/sources_1/bd/mux2x1_1/mux2x1_1.bd">
      <FileInfo>
        <Attr Name="ImportPath" Val="$PPRDIR/../../../../../../../../Desktop/Vivado project/project_1_2_mux2x1/project_1_2_mux2x1.srcs/sources_1/bd/mux2x1_1/mux2x1_1.bd"/>
        <Attr Name="ImportTime" Val="1760359082"/>
        <Attr Name="UsedIn" Val="synthesis"/>
        <Attr Name="UsedIn" Val="implementation"/>
        <Attr Name="UsedIn" Val="simulation"/>
      </FileInfo>
    </File>
    <File Path="$PSRCDIR/sources_1/bd/mux2x1_1/hdl/mux2x1_1_wrapper.v">
      <FileInfo>
        <Attr Name="ImportPath" Val="$PPRDIR/../../../../../../../../Desktop/Vivado project/project_1_2_mux2x1/project_1_2_mux2x1.srcs/sources_1/bd/mux2x1_1/hdl/mux2x1_1_wrapper.v"/>
        <Attr Name="ImportTime" Val="1760359117"/>
        <Attr Name="UsedIn" Val="synthesis"/>
        <Attr Name="UsedIn" Val="implementation"/>
        <Attr Name="UsedIn" Val="simulation"/>
      </FileInfo>
    </File>
    <Config>
      <Option Name="DesignMode" Val="RTL"/>
      <Option Name="TopModule" Val="mux2x1_1_wrapper"/>
      <Option Name="TopAutoSet" Val="TRUE"/>
    </Config>
  </FileSet>
  <FileSet Name="constrs_in" Type="Constrs" RelSrcDir="$PSRCDIR/constrs_1">
    <Filter Type="Constrs"/>
    <File Path="$PSRCDIR/constrs_1/new/mux2x1.xdc">
      <FileInfo>
        <Attr Name="ImportPath" Val="$PPRDIR/../../../../../../../../Desktop/Vivado project/project_1_2_mux2x1/project_1_2_mux2x1.srcs/constrs_1/new/mux2x1.xdc"/>
        <Attr Name="ImportTime" Val="1760359374"/>
        <Attr Name="UsedIn" Val="synthesis"/>
        <Attr Name="UsedIn" Val="implementation"/>
      </FileInfo>
    </File>
    <Config>
      <Option Name="TargetConstrsFile" Val="$PSRCDIR/constrs_1/new/mux2x1.xdc"/>
      <Option Name="ConstrsType" Val="XDC"/>
    </Config>
  </FileSet>
  <FileSet Name="utils" Type="Utils" RelSrcDir="$PSRCDIR/utils_1">
    <Filter Type="Utils"/>
    <Config>
      <Option Name="TopAutoSet" Val="TRUE"/>
    </Config>
  </FileSet>
  <Strategy Version="1" Minor="2">
    <StratHandle Name="Vivado Synthesis Defaults" Flow="Vivado Synthesis 2018"/>
    <Step Id="synth_design"/>
  </Strategy>
  <BlockFileSet Type="BlockSrcs" Name="mux2x1_1_andgate_0_0"/>
  <BlockFileSet Type="BlockSrcs" Name="mux2x1_1_orgate_0_0"/>
  <BlockFileSet Type="BlockSrcs" Name="mux2x1_1_andgate_1_0"/>
  <BlockFileSet Type="BlockSrcs" Name="mux2x1_1_notgate_0_0"/>
</GenRun>
