<?xml version="1.0" encoding="UTF-8"?>
<GenRun Id="synth_1" LaunchPart="xc7a35tcpg236-1" LaunchTime="1760370953">
  <File Type="PA-TCL" Name="mux4x1_verilogHDL.tcl"/>
  <File Type="REPORTS-TCL" Name="mux4x1_verilogHDL_reports.tcl"/>
  <File Type="RDS-RDS" Name="mux4x1_verilogHDL.vds"/>
  <File Type="RDS-UTIL" Name="mux4x1_verilogHDL_utilization_synth.rpt"/>
  <File Type="RDS-UTIL-PB" Name="mux4x1_verilogHDL_utilization_synth.pb"/>
  <File Type="RDS-DCP" Name="mux4x1_verilogHDL.dcp"/>
  <FileSet Name="sources" Type="DesignSrcs" RelSrcDir="$PSRCDIR/sources_1">
    <Filter Type="Srcs"/>
    <File Path="$PSRCDIR/sources_1/new/mux4x1_verilogHDL.v">
      <FileInfo>
        <Attr Name="ImportPath" Val="$PPRDIR/../../../../../../../../Desktop/Vivado project/project_1_3_mux4x1_verilogHDL/project_1_3_mux4x1_verilogHDL.srcs/sources_1/new/mux4x1_verilogHDL.v"/>
        <Attr Name="ImportTime" Val="1760370165"/>
        <Attr Name="UsedIn" Val="synthesis"/>
        <Attr Name="UsedIn" Val="implementation"/>
        <Attr Name="UsedIn" Val="simulation"/>
      </FileInfo>
    </File>
    <Config>
      <Option Name="DesignMode" Val="RTL"/>
      <Option Name="TopModule" Val="mux4x1_verilogHDL"/>
      <Option Name="TopAutoSet" Val="TRUE"/>
    </Config>
  </FileSet>
  <FileSet Name="constrs_in" Type="Constrs" RelSrcDir="$PSRCDIR/constrs_1">
    <Filter Type="Constrs"/>
    <File Path="$PSRCDIR/constrs_1/new/mux4x1_verilogHDL_xdc.xdc">
      <FileInfo>
        <Attr Name="ImportPath" Val="$PPRDIR/../../../../../../../../Desktop/Vivado project/project_1_3_mux4x1_verilogHDL/project_1_3_mux4x1_verilogHDL.srcs/constrs_1/new/mux4x1_verilogHDL_xdc.xdc"/>
        <Attr Name="ImportTime" Val="1760370909"/>
        <Attr Name="UsedIn" Val="synthesis"/>
        <Attr Name="UsedIn" Val="implementation"/>
      </FileInfo>
    </File>
    <Config>
      <Option Name="TargetConstrsFile" Val="$PSRCDIR/constrs_1/new/mux4x1_verilogHDL_xdc.xdc"/>
      <Option Name="ConstrsType" Val="XDC"/>
    </Config>
  </FileSet>
  <FileSet Name="utils" Type="Utils" RelSrcDir="$PSRCDIR/utils_1">
    <Filter Type="Utils"/>
    <Config>
      <Option Name="TopAutoSet" Val="TRUE"/>
    </Config>
  </FileSet>
  <Strategy Version="1" Minor="2">
    <StratHandle Name="Vivado Synthesis Defaults" Flow="Vivado Synthesis 2018"/>
    <Step Id="synth_design"/>
  </Strategy>
</GenRun>
