<?xml version="1.0" encoding="UTF-8"?>
<GenRun Id="synth_1" LaunchPart="xc7a35tcpg236-1" LaunchTime="1760366916">
  <File Type="PA-TCL" Name="mux4x1_block_wrapper.tcl"/>
  <File Type="REPORTS-TCL" Name="mux4x1_block_wrapper_reports.tcl"/>
  <File Type="RDS-RDS" Name="mux4x1_block_wrapper.vds"/>
  <File Type="RDS-UTIL" Name="mux4x1_block_wrapper_utilization_synth.rpt"/>
  <File Type="RDS-UTIL-PB" Name="mux4x1_block_wrapper_utilization_synth.pb"/>
  <File Type="RDS-DCP" Name="mux4x1_block_wrapper.dcp"/>
  <FileSet Name="sources" Type="DesignSrcs" RelSrcDir="$PSRCDIR/sources_1">
    <Filter Type="Srcs"/>
    <File Path="$PSRCDIR/sources_1/bd/mux4x1_block/mux4x1_block.bd">
      <FileInfo>
        <Attr Name="ImportPath" Val="$PPRDIR/../../../../../../../../Desktop/Vivado project/project_1_3_mux4x1.block_design/project_1_3_mux4x1.block_design.srcs/sources_1/bd/mux4x1_block/mux4x1_block.bd"/>
        <Attr Name="ImportTime" Val="1760366458"/>
        <Attr Name="UsedIn" Val="synthesis"/>
        <Attr Name="UsedIn" Val="implementation"/>
        <Attr Name="UsedIn" Val="simulation"/>
      </FileInfo>
    </File>
    <File Path="$PSRCDIR/sources_1/bd/mux4x1_block/hdl/mux4x1_block_wrapper.v">
      <FileInfo>
        <Attr Name="ImportPath" Val="$PPRDIR/../../../../../../../../Desktop/Vivado project/project_1_3_mux4x1.block_design/project_1_3_mux4x1.block_design.srcs/sources_1/bd/mux4x1_block/hdl/mux4x1_block_wrapper.v"/>
        <Attr Name="ImportTime" Val="1760366520"/>
        <Attr Name="UsedIn" Val="synthesis"/>
        <Attr Name="UsedIn" Val="implementation"/>
        <Attr Name="UsedIn" Val="simulation"/>
      </FileInfo>
    </File>
    <Config>
      <Option Name="DesignMode" Val="RTL"/>
      <Option Name="TopModule" Val="mux4x1_block_wrapper"/>
      <Option Name="TopAutoSet" Val="TRUE"/>
    </Config>
  </FileSet>
  <FileSet Name="constrs_in" Type="Constrs" RelSrcDir="$PSRCDIR/constrs_1">
    <Filter Type="Constrs"/>
    <File Path="$PSRCDIR/constrs_1/new/mux4x1_block_de_xdc.xdc">
      <FileInfo>
        <Attr Name="ImportPath" Val="$PPRDIR/../../../../../../../../Desktop/Vivado project/project_1_3_mux4x1.block_design/project_1_3_mux4x1.block_design.srcs/constrs_1/new/mux4x1_block_de_xdc.xdc"/>
        <Attr Name="ImportTime" Val="1760366908"/>
        <Attr Name="UsedIn" Val="synthesis"/>
        <Attr Name="UsedIn" Val="implementation"/>
      </FileInfo>
    </File>
    <Config>
      <Option Name="TargetConstrsFile" Val="$PSRCDIR/constrs_1/new/mux4x1_block_de_xdc.xdc"/>
      <Option Name="ConstrsType" Val="XDC"/>
    </Config>
  </FileSet>
  <FileSet Name="utils" Type="Utils" RelSrcDir="$PSRCDIR/utils_1">
    <Filter Type="Utils"/>
    <Config>
      <Option Name="TopAutoSet" Val="TRUE"/>
    </Config>
  </FileSet>
  <Strategy Version="1" Minor="2">
    <StratHandle Name="Vivado Synthesis Defaults" Flow="Vivado Synthesis 2018"/>
    <Step Id="synth_design"/>
  </Strategy>
  <BlockFileSet Type="BlockSrcs" Name="mux4x1_block_orgate_0_0"/>
  <BlockFileSet Type="BlockSrcs" Name="mux4x1_block_andgate_5_0"/>
  <BlockFileSet Type="BlockSrcs" Name="mux4x1_block_orgate_1_0"/>
  <BlockFileSet Type="BlockSrcs" Name="mux4x1_block_andgate_8_0"/>
  <BlockFileSet Type="BlockSrcs" Name="mux4x1_block_andgate_0_0"/>
  <BlockFileSet Type="BlockSrcs" Name="mux4x1_block_andgate_7_0"/>
  <BlockFileSet Type="BlockSrcs" Name="mux4x1_block_notgate_2_0_0"/>
  <BlockFileSet Type="BlockSrcs" Name="mux4x1_block_andgate_2_0"/>
  <BlockFileSet Type="BlockSrcs" Name="mux4x1_block_andgate_1_0"/>
  <BlockFileSet Type="BlockSrcs" Name="mux4x1_block_andgate_3_0"/>
  <BlockFileSet Type="BlockSrcs" Name="mux4x1_block_andgate_4_0"/>
  <BlockFileSet Type="BlockSrcs" Name="mux4x1_block_andgate_6_0"/>
  <BlockFileSet Type="BlockSrcs" Name="mux4x1_block_andgate_9_0"/>
  <BlockFileSet Type="BlockSrcs" Name="mux4x1_block_orgate_2_0"/>
  <BlockFileSet Type="BlockSrcs" Name="mux4x1_block_andgate_10_0"/>
  <BlockFileSet Type="BlockSrcs" Name="mux4x1_block_andgate_11_0"/>
</GenRun>
