<?xml version="1.0" encoding="UTF-8"?>
<GenRun Id="mux4x1_block_orgate_0_0_synth_1" LaunchPart="xc7a35tcpg236-1" LaunchTime="1760366525">
  <File Type="PA-TCL" Name="mux4x1_block_orgate_0_0.tcl"/>
  <File Type="REPORTS-TCL" Name="mux4x1_block_orgate_0_0_reports.tcl"/>
  <File Type="RDS-RDS" Name="mux4x1_block_orgate_0_0.vds"/>
  <File Type="RDS-UTIL" Name="mux4x1_block_orgate_0_0_utilization_synth.rpt"/>
  <File Type="RDS-UTIL-PB" Name="mux4x1_block_orgate_0_0_utilization_synth.pb"/>
  <File Type="RDS-DCP" Name="mux4x1_block_orgate_0_0.dcp"/>
  <FileSet Name="sources" Type="BlockSrcs" RelSrcDir="$PSRCDIR/mux4x1_block_orgate_0_0">
    <File Path="$PSRCDIR/sources_1/bd/mux4x1_block/ip/mux4x1_block_orgate_0_0/mux4x1_block_orgate_0_0.xci">
      <FileInfo>
        <Attr Name="ImportPath" Val="$PPRDIR/../../../../../../../../Desktop/Vivado project/project_1_3_mux4x1.block_design/project_1_3_mux4x1.block_design.srcs/sources_1/bd/mux4x1_block/ip/mux4x1_block_orgate_0_0/mux4x1_block_orgate_0_0.xci"/>
        <Attr Name="ImportTime" Val="1760366458"/>
        <Attr Name="UsedIn" Val="synthesis"/>
        <Attr Name="UsedIn" Val="implementation"/>
        <Attr Name="UsedIn" Val="simulation"/>
      </FileInfo>
    </File>
    <Config>
      <Option Name="TopModule" Val="mux4x1_block_orgate_0_0"/>
      <Option Name="UseBlackboxStub" Val="1"/>
    </Config>
  </FileSet>
  <FileSet Name="constrs_in" Type="BlockSrcs" RelSrcDir="$PSRCDIR/mux4x1_block_orgate_0_0">
    <File Path="$PSRCDIR/sources_1/bd/mux4x1_block/ip/mux4x1_block_orgate_0_0/mux4x1_block_orgate_0_0.xci">
      <FileInfo>
        <Attr Name="ImportPath" Val="$PPRDIR/../../../../../../../../Desktop/Vivado project/project_1_3_mux4x1.block_design/project_1_3_mux4x1.block_design.srcs/sources_1/bd/mux4x1_block/ip/mux4x1_block_orgate_0_0/mux4x1_block_orgate_0_0.xci"/>
        <Attr Name="ImportTime" Val="1760366458"/>
        <Attr Name="UsedIn" Val="synthesis"/>
        <Attr Name="UsedIn" Val="implementation"/>
        <Attr Name="UsedIn" Val="simulation"/>
      </FileInfo>
    </File>
    <Config>
      <Option Name="TopModule" Val="mux4x1_block_orgate_0_0"/>
      <Option Name="UseBlackboxStub" Val="1"/>
    </Config>
  </FileSet>
  <FileSet Name="utils" Type="Utils" RelSrcDir="$PSRCDIR/utils_1">
    <Filter Type="Utils"/>
    <Config>
      <Option Name="TopAutoSet" Val="TRUE"/>
    </Config>
  </FileSet>
  <Strategy Version="1" Minor="2">
    <StratHandle Name="Vivado Synthesis Defaults" Flow="Vivado Synthesis 2018"/>
    <Step Id="synth_design"/>
  </Strategy>
</GenRun>
