<?xml version="1.0" encoding="UTF-8"?>
<GenRun Id="impl_1" LaunchPart="xc7a35tcpg236-1" LaunchTime="1760354290">
  <File Type="ROUTE-PWR" Name="notgate_power_routed.rpt"/>
  <File Type="PA-TCL" Name="notgate.tcl"/>
  <File Type="BITSTR-BMM" Name="notgate_bd.bmm"/>
  <File Type="ROUTE-PWR-SUM" Name="notgate_power_summary_routed.pb"/>
  <File Type="REPORTS-TCL" Name="notgate_reports.tcl"/>
  <File Type="OPT-DCP" Name="notgate_opt.dcp"/>
  <File Type="OPT-DRC" Name="notgate_drc_opted.rpt"/>
  <File Type="OPT-HWDEF" Name="notgate.hwdef"/>
  <File Type="PWROPT-DCP" Name="notgate_pwropt.dcp"/>
  <File Type="PLACE-DCP" Name="notgate_placed.dcp"/>
  <File Type="PLACE-IO" Name="notgate_io_placed.rpt"/>
  <File Type="PLACE-UTIL" Name="notgate_utilization_placed.rpt"/>
  <File Type="PLACE-UTIL-PB" Name="notgate_utilization_placed.pb"/>
  <File Type="PLACE-CTRL" Name="notgate_control_sets_placed.rpt"/>
  <File Type="PLACE-PRE-SIMILARITY" Name="notgate_incremental_reuse_pre_placed.rpt"/>
  <File Type="BG-BGN" Name="notgate.bgn"/>
  <File Type="POSTPLACE-PWROPT-DCP" Name="notgate_postplace_pwropt.dcp"/>
  <File Type="BG-BIN" Name="notgate.bin"/>
  <File Type="PHYSOPT-DCP" Name="notgate_physopt.dcp"/>
  <File Type="BITSTR-MSK" Name="notgate.msk"/>
  <File Type="ROUTE-ERROR-DCP" Name="notgate_routed_error.dcp"/>
  <File Type="ROUTE-DCP" Name="notgate_routed.dcp"/>
  <File Type="ROUTE-BLACKBOX-DCP" Name="notgate_routed_bb.dcp"/>
  <File Type="ROUTE-DRC" Name="notgate_drc_routed.rpt"/>
  <File Type="ROUTE-DRC-PB" Name="notgate_drc_routed.pb"/>
  <File Type="ROUTE-DRC-RPX" Name="notgate_drc_routed.rpx"/>
  <File Type="BITSTR-LTX" Name="notgate.ltx"/>
  <File Type="ROUTE-METHODOLOGY-DRC" Name="notgate_methodology_drc_routed.rpt"/>
  <File Type="BITSTR-MMI" Name="notgate.mmi"/>
  <File Type="ROUTE-METHODOLOGY-DRC-RPX" Name="notgate_methodology_drc_routed.rpx"/>
  <File Type="ROUTE-METHODOLOGY-DRC-PB" Name="notgate_methodology_drc_routed.pb"/>
  <File Type="BITSTR-SYSDEF" Name="notgate.sysdef"/>
  <File Type="ROUTE-PWR-RPX" Name="notgate_power_routed.rpx"/>
  <File Type="ROUTE-STATUS" Name="notgate_route_status.rpt"/>
  <File Type="ROUTE-STATUS-PB" Name="notgate_route_status.pb"/>
  <File Type="ROUTE-TIMINGSUMMARY" Name="notgate_timing_summary_routed.rpt"/>
  <File Type="ROUTE-TIMING-PB" Name="notgate_timing_summary_routed.pb"/>
  <File Type="ROUTE-TIMING-RPX" Name="notgate_timing_summary_routed.rpx"/>
  <File Type="ROUTE-CLK" Name="notgate_clock_utilization_routed.rpt"/>
  <File Type="ROUTE-BUS-SKEW" Name="notgate_bus_skew_routed.rpt"/>
  <File Type="ROUTE-BUS-SKEW-PB" Name="notgate_bus_skew_routed.pb"/>
  <File Type="ROUTE-BUS-SKEW-RPX" Name="notgate_bus_skew_routed.rpx"/>
  <File Type="POSTROUTE-PHYSOPT-DCP" Name="notgate_postroute_physopt.dcp"/>
  <File Type="POSTROUTE-PHYSOPT-BLACKBOX-DCP" Name="notgate_postroute_physopt_bb.dcp"/>
  <File Type="BG-BIT" Name="notgate.bit"/>
  <File Type="BITSTR-RBT" Name="notgate.rbt"/>
  <File Type="BITSTR-NKY" Name="notgate.nky"/>
  <File Type="BG-DRC" Name="notgate.drc"/>
  <File Type="RDI-RDI" Name="notgate.vdi"/>
  <File Type="WBT-USG" Name="usage_statistics_webtalk.html"/>
  <FileSet Name="sources" Type="DesignSrcs" RelSrcDir="$PSRCDIR/sources_1">
    <Filter Type="Srcs"/>
    <File Path="$PSRCDIR/sources_1/new/nogate.v">
      <FileInfo>
        <Attr Name="ImportPath" Val="$PPRDIR/../../../../../../../../Desktop/Vivado project/project_1_1_nogate/project_1_1_nogate.srcs/sources_1/new/nogate.v"/>
        <Attr Name="ImportTime" Val="1760353884"/>
        <Attr Name="UsedIn" Val="synthesis"/>
        <Attr Name="UsedIn" Val="implementation"/>
        <Attr Name="UsedIn" Val="simulation"/>
      </FileInfo>
    </File>
    <Config>
      <Option Name="DesignMode" Val="RTL"/>
      <Option Name="TopModule" Val="notgate"/>
      <Option Name="TopAutoSet" Val="TRUE"/>
    </Config>
  </FileSet>
  <FileSet Name="constrs_in" Type="Constrs" RelSrcDir="$PSRCDIR/constrs_1">
    <Filter Type="Constrs"/>
    <File Path="$PSRCDIR/constrs_1/new/no.xdc">
      <FileInfo>
        <Attr Name="ImportPath" Val="$PPRDIR/../../../../../../../../Desktop/Vivado project/project_1_1_nogate/project_1_1_nogate.srcs/constrs_1/new/no.xdc"/>
        <Attr Name="ImportTime" Val="1760354208"/>
        <Attr Name="UsedIn" Val="synthesis"/>
        <Attr Name="UsedIn" Val="implementation"/>
      </FileInfo>
    </File>
    <Config>
      <Option Name="TargetConstrsFile" Val="$PSRCDIR/constrs_1/new/no.xdc"/>
      <Option Name="ConstrsType" Val="XDC"/>
    </Config>
  </FileSet>
  <FileSet Name="utils" Type="Utils" RelSrcDir="$PSRCDIR/utils_1">
    <Filter Type="Utils"/>
    <Config>
      <Option Name="TopAutoSet" Val="TRUE"/>
    </Config>
  </FileSet>
  <Strategy Version="1" Minor="2">
    <StratHandle Name="Vivado Implementation Defaults" Flow="Vivado Implementation 2018"/>
    <Step Id="init_design"/>
    <Step Id="opt_design"/>
    <Step Id="power_opt_design"/>
    <Step Id="place_design"/>
    <Step Id="post_place_power_opt_design"/>
    <Step Id="phys_opt_design"/>
    <Step Id="route_design"/>
    <Step Id="post_route_phys_opt_design"/>
    <Step Id="write_bitstream"/>
  </Strategy>
</GenRun>
